{"duration": 0.6520848274230957, "input_args": {"query": "'chill instrumental'"}, "time": 1744918803.197967}